{"cameraMode":{"drawMode":0,"name":"Shaded","section":"Shading Mode"},"sceneLighting":false,"audioPlay":false,"sceneViewState":{"m_AlwaysRefresh":false,"showFog":true,"showSkybox":false,"showFlares":true,"showImageEffects":true,"showParticleSystems":true,"showVisualEffectGraphs":true,"m_FxEnabled":true},"in2DMode":false,"pivot":{"x":-0.6605120301246643,"y":3.2646353244781496,"z":-9.639779090881348},"rotation":{"x":0.01513830665498972,"y":-0.9262056350708008,"z":0.03725847229361534,"w":0.37571966648101809},"size":4.2822794914245609,"orthographic":false}