{"cameraMode":{"drawMode":0,"name":"Shaded","section":"Shading Mode"},"sceneLighting":true,"audioPlay":false,"sceneViewState":{"m_AlwaysRefresh":false,"showFog":true,"showSkybox":true,"showFlares":true,"showImageEffects":true,"showParticleSystems":true,"showVisualEffectGraphs":true,"m_FxEnabled":true},"in2DMode":false,"pivot":{"x":-253.73080444335938,"y":15.809926986694336,"z":-176.05917358398438},"rotation":{"x":-0.1649201661348343,"y":-0.7094102501869202,"z":0.18193937838077546,"w":-0.6621782779693604},"size":1.2247449159622193,"orthographic":false}