{"cameraMode":{"drawMode":0,"name":"Shaded","section":"Shading Mode"},"sceneLighting":true,"audioPlay":false,"sceneViewState":{"m_AlwaysRefresh":false,"showFog":true,"showSkybox":true,"showFlares":true,"showImageEffects":true,"showParticleSystems":true,"showVisualEffectGraphs":true,"m_FxEnabled":true},"in2DMode":false,"pivot":{"x":-124.59811401367188,"y":4.231541156768799,"z":-191.56472778320313},"rotation":{"x":-0.06039542704820633,"y":0.38730135560035708,"z":0.02201070636510849,"w":0.9208359122276306},"size":1.9802165031433106,"orthographic":false}